Product title,Price
"Big Vase Pink (24cm)",390
"Big Vase Rainbow",490
"L cup Blue-green",140
"Mug Blue-green",160
"Mug Tangerine Sunrise",160
"M Vase rainbow",240
"L cup gradient gold",140
"S Cup Pink",120
"L cup Pink",170
"L Cup Rainbow Simple (DISCOUNTED)",130
"Silver Cup Set",120
"Small Vase Pink",220
"Small Vase Blue-green",230
"L Cup Pink Simple",145
"S Cup Blue-green",120
"L cup Lavender Haze with Handle",150
"2x S Cup Rainbow SET",380
"Oval Vase S",80
"Oval Vase M",90
"Oval Vase L",110
"2x L cup Rainbow",320
"Mises Award",900
"Hayek Award",900
"Rothbard Award",900
"Bastiat Award",900
"L cup Pink (DISCOUNTED)",150
"L cup Tangerine Sunrise",170
"Small Cup Blue-green",80
"Saucer Pink",70
"Saucer Blue-green",70
"Blue-green Cup set",460
"Vase Pink (29cm)",450
"2x S Cup Set (Pink and Bluegreen)",380
"Starry Night Vase",950
"L cup Rainbow",170
"Mug Rainbow",160
"S cup Rainbow",120
"Saucer Rainbow",70
"Saucer Tangerine Sunrise",70
"L cup Blue-green",170
"S Cup Tangerine Sunrise",120
"Sunset In The Mountains Vase #1",1250
"Holy Neon Trinity Vase #1",1500
"Holy Neon Trinity Vase #2",1500
"Sunset In The Mountains Vase #2",2500
"Sunset In The Mountains Vase #3",3000
"Sunset In The Mountains Vase #4",3500
"Pink Bottle",180
"Starry Night Vase #2",2600
"Starry Night Vase #3",3000
"Twisted Sky Vase",3500
"Mug Rainbow (DISCOUNTED)",140
"Small Vase Rainbow #1",240
"Twisted Sky Vase #2",3100
"Sunset In the Mountains Vase #5",2500
"Sunset In the Mountains Vase #6",3000
"XS Cup Set (blue-green)",160
"Small Vase Rainbow #2",240
"M Vase Sunset #4",1600
"M Vase Sunset #5",1700
"M Vase Sunset #6",1800
"Small Vase Tangerine Sunrise",230
"4x L Cup sets (Rainbow  & Tangerine Sunrise)",880
"M Vase Twisted Sky",1900
"XS Cup Set (Tangerine Sunrise)",160
"Oval Vase Blue-green",280
"Oval Vase Tangerine - Sunrise",280
"Oval Vase Rainbow",280
"Twisted Sky Vase #3",3300
"7x XS Cup sets + saucer (blue-green)",1100
